full_date,date_id,day,month,month_name,year,quarter,day_name,week_of_year,week_of_month,is_weekend,is_month_start,is_month_end,year_month,quarter_name,month_number,season
2024-01-01,20240101,1,1,January,2024,1,Monday,1,1,False,True,False,2024-01,Q1,01,Regular
2024-01-02,20240102,2,1,January,2024,1,Tuesday,1,1,False,False,False,2024-01,Q1,01,Regular
2024-01-03,20240103,3,1,January,2024,1,Wednesday,1,1,False,False,False,2024-01,Q1,01,Regular
2024-01-04,20240104,4,1,January,2024,1,Thursday,1,1,False,False,False,2024-01,Q1,01,Regular
2024-01-05,20240105,5,1,January,2024,1,Friday,1,1,False,False,False,2024-01,Q1,01,Regular
2024-01-06,20240106,6,1,January,2024,1,Saturday,1,1,True,False,False,2024-01,Q1,01,Regular
2024-01-07,20240107,7,1,January,2024,1,Sunday,1,1,True,False,False,2024-01,Q1,01,Regular
2024-01-08,20240108,8,1,January,2024,1,Monday,2,2,False,False,False,2024-01,Q1,01,Regular
2024-01-09,20240109,9,1,January,2024,1,Tuesday,2,2,False,False,False,2024-01,Q1,01,Regular
2024-01-10,20240110,10,1,January,2024,1,Wednesday,2,2,False,False,False,2024-01,Q1,01,Regular
2024-01-11,20240111,11,1,January,2024,1,Thursday,2,2,False,False,False,2024-01,Q1,01,Regular
2024-01-12,20240112,12,1,January,2024,1,Friday,2,2,False,False,False,2024-01,Q1,01,Regular
2024-01-13,20240113,13,1,January,2024,1,Saturday,2,2,True,False,False,2024-01,Q1,01,Regular
2024-01-14,20240114,14,1,January,2024,1,Sunday,2,2,True,False,False,2024-01,Q1,01,Regular
2024-01-15,20240115,15,1,January,2024,1,Monday,3,3,False,False,False,2024-01,Q1,01,Regular
2024-01-16,20240116,16,1,January,2024,1,Tuesday,3,3,False,False,False,2024-01,Q1,01,Regular
2024-01-17,20240117,17,1,January,2024,1,Wednesday,3,3,False,False,False,2024-01,Q1,01,Regular
2024-01-18,20240118,18,1,January,2024,1,Thursday,3,3,False,False,False,2024-01,Q1,01,Regular
2024-01-19,20240119,19,1,January,2024,1,Friday,3,3,False,False,False,2024-01,Q1,01,Regular
2024-01-20,20240120,20,1,January,2024,1,Saturday,3,3,True,False,False,2024-01,Q1,01,Regular
2024-01-21,20240121,21,1,January,2024,1,Sunday,3,3,True,False,False,2024-01,Q1,01,Regular
2024-01-22,20240122,22,1,January,2024,1,Monday,4,4,False,False,False,2024-01,Q1,01,Regular
2024-01-23,20240123,23,1,January,2024,1,Tuesday,4,4,False,False,False,2024-01,Q1,01,Regular
2024-01-24,20240124,24,1,January,2024,1,Wednesday,4,4,False,False,False,2024-01,Q1,01,Regular
2024-01-25,20240125,25,1,January,2024,1,Thursday,4,4,False,False,False,2024-01,Q1,01,Regular
2024-01-26,20240126,26,1,January,2024,1,Friday,4,4,False,False,False,2024-01,Q1,01,Regular
2024-01-27,20240127,27,1,January,2024,1,Saturday,4,4,True,False,False,2024-01,Q1,01,Regular
2024-01-28,20240128,28,1,January,2024,1,Sunday,4,4,True,False,False,2024-01,Q1,01,Regular
2024-01-29,20240129,29,1,January,2024,1,Monday,5,5,False,False,False,2024-01,Q1,01,Regular
2024-01-30,20240130,30,1,January,2024,1,Tuesday,5,5,False,False,False,2024-01,Q1,01,Regular
2024-01-31,20240131,31,1,January,2024,1,Wednesday,5,5,False,False,True,2024-01,Q1,01,Regular
2024-02-01,20240201,1,2,February,2024,1,Thursday,5,1,False,True,False,2024-02,Q1,02,Regular
2024-02-02,20240202,2,2,February,2024,1,Friday,5,1,False,False,False,2024-02,Q1,02,Regular
2024-02-03,20240203,3,2,February,2024,1,Saturday,5,1,True,False,False,2024-02,Q1,02,Regular
2024-02-04,20240204,4,2,February,2024,1,Sunday,5,1,True,False,False,2024-02,Q1,02,Regular
2024-02-05,20240205,5,2,February,2024,1,Monday,6,1,False,False,False,2024-02,Q1,02,Regular
2024-02-06,20240206,6,2,February,2024,1,Tuesday,6,1,False,False,False,2024-02,Q1,02,Regular
2024-02-07,20240207,7,2,February,2024,1,Wednesday,6,1,False,False,False,2024-02,Q1,02,Regular
2024-02-08,20240208,8,2,February,2024,1,Thursday,6,2,False,False,False,2024-02,Q1,02,Regular
2024-02-09,20240209,9,2,February,2024,1,Friday,6,2,False,False,False,2024-02,Q1,02,Regular
2024-02-10,20240210,10,2,February,2024,1,Saturday,6,2,True,False,False,2024-02,Q1,02,Regular
2024-02-11,20240211,11,2,February,2024,1,Sunday,6,2,True,False,False,2024-02,Q1,02,Regular
2024-02-12,20240212,12,2,February,2024,1,Monday,7,2,False,False,False,2024-02,Q1,02,Regular
2024-02-13,20240213,13,2,February,2024,1,Tuesday,7,2,False,False,False,2024-02,Q1,02,Regular
2024-02-14,20240214,14,2,February,2024,1,Wednesday,7,2,False,False,False,2024-02,Q1,02,Regular
2024-02-15,20240215,15,2,February,2024,1,Thursday,7,3,False,False,False,2024-02,Q1,02,Regular
2024-02-16,20240216,16,2,February,2024,1,Friday,7,3,False,False,False,2024-02,Q1,02,Regular
2024-02-17,20240217,17,2,February,2024,1,Saturday,7,3,True,False,False,2024-02,Q1,02,Regular
2024-02-18,20240218,18,2,February,2024,1,Sunday,7,3,True,False,False,2024-02,Q1,02,Regular
2024-02-19,20240219,19,2,February,2024,1,Monday,8,3,False,False,False,2024-02,Q1,02,Regular
2024-02-20,20240220,20,2,February,2024,1,Tuesday,8,3,False,False,False,2024-02,Q1,02,Regular
2024-02-21,20240221,21,2,February,2024,1,Wednesday,8,3,False,False,False,2024-02,Q1,02,Regular
2024-02-22,20240222,22,2,February,2024,1,Thursday,8,4,False,False,False,2024-02,Q1,02,Regular
2024-02-23,20240223,23,2,February,2024,1,Friday,8,4,False,False,False,2024-02,Q1,02,Regular
2024-02-24,20240224,24,2,February,2024,1,Saturday,8,4,True,False,False,2024-02,Q1,02,Regular
2024-02-25,20240225,25,2,February,2024,1,Sunday,8,4,True,False,False,2024-02,Q1,02,Regular
2024-02-26,20240226,26,2,February,2024,1,Monday,9,4,False,False,False,2024-02,Q1,02,Regular
2024-02-27,20240227,27,2,February,2024,1,Tuesday,9,4,False,False,False,2024-02,Q1,02,Regular
2024-02-28,20240228,28,2,February,2024,1,Wednesday,9,4,False,False,False,2024-02,Q1,02,Regular
2024-02-29,20240229,29,2,February,2024,1,Thursday,9,5,False,False,True,2024-02,Q1,02,Regular
2024-03-01,20240301,1,3,March,2024,1,Friday,9,1,False,True,False,2024-03,Q1,03,Dia da Mulher
2024-03-02,20240302,2,3,March,2024,1,Saturday,9,1,True,False,False,2024-03,Q1,03,Dia da Mulher
2024-03-03,20240303,3,3,March,2024,1,Sunday,9,1,True,False,False,2024-03,Q1,03,Dia da Mulher
2024-03-04,20240304,4,3,March,2024,1,Monday,10,1,False,False,False,2024-03,Q1,03,Dia da Mulher
2024-03-05,20240305,5,3,March,2024,1,Tuesday,10,1,False,False,False,2024-03,Q1,03,Dia da Mulher
2024-03-06,20240306,6,3,March,2024,1,Wednesday,10,1,False,False,False,2024-03,Q1,03,Dia da Mulher
2024-03-07,20240307,7,3,March,2024,1,Thursday,10,1,False,False,False,2024-03,Q1,03,Dia da Mulher
2024-03-08,20240308,8,3,March,2024,1,Friday,10,2,False,False,False,2024-03,Q1,03,Dia da Mulher
2024-03-09,20240309,9,3,March,2024,1,Saturday,10,2,True,False,False,2024-03,Q1,03,Dia da Mulher
2024-03-10,20240310,10,3,March,2024,1,Sunday,10,2,True,False,False,2024-03,Q1,03,Dia da Mulher
2024-03-11,20240311,11,3,March,2024,1,Monday,11,2,False,False,False,2024-03,Q1,03,Dia da Mulher
2024-03-12,20240312,12,3,March,2024,1,Tuesday,11,2,False,False,False,2024-03,Q1,03,Dia da Mulher
2024-03-13,20240313,13,3,March,2024,1,Wednesday,11,2,False,False,False,2024-03,Q1,03,Dia da Mulher
2024-03-14,20240314,14,3,March,2024,1,Thursday,11,2,False,False,False,2024-03,Q1,03,Dia da Mulher
2024-03-15,20240315,15,3,March,2024,1,Friday,11,3,False,False,False,2024-03,Q1,03,Dia da Mulher
2024-03-16,20240316,16,3,March,2024,1,Saturday,11,3,True,False,False,2024-03,Q1,03,Dia da Mulher
2024-03-17,20240317,17,3,March,2024,1,Sunday,11,3,True,False,False,2024-03,Q1,03,Dia da Mulher
2024-03-18,20240318,18,3,March,2024,1,Monday,12,3,False,False,False,2024-03,Q1,03,Dia da Mulher
2024-03-19,20240319,19,3,March,2024,1,Tuesday,12,3,False,False,False,2024-03,Q1,03,Dia da Mulher
2024-03-20,20240320,20,3,March,2024,1,Wednesday,12,3,False,False,False,2024-03,Q1,03,Dia da Mulher
2024-03-21,20240321,21,3,March,2024,1,Thursday,12,3,False,False,False,2024-03,Q1,03,Dia da Mulher
2024-03-22,20240322,22,3,March,2024,1,Friday,12,4,False,False,False,2024-03,Q1,03,Dia da Mulher
2024-03-23,20240323,23,3,March,2024,1,Saturday,12,4,True,False,False,2024-03,Q1,03,Dia da Mulher
2024-03-24,20240324,24,3,March,2024,1,Sunday,12,4,True,False,False,2024-03,Q1,03,Dia da Mulher
2024-03-25,20240325,25,3,March,2024,1,Monday,13,4,False,False,False,2024-03,Q1,03,Dia da Mulher
2024-03-26,20240326,26,3,March,2024,1,Tuesday,13,4,False,False,False,2024-03,Q1,03,Dia da Mulher
2024-03-27,20240327,27,3,March,2024,1,Wednesday,13,4,False,False,False,2024-03,Q1,03,Dia da Mulher
2024-03-28,20240328,28,3,March,2024,1,Thursday,13,4,False,False,False,2024-03,Q1,03,Dia da Mulher
2024-03-29,20240329,29,3,March,2024,1,Friday,13,5,False,False,False,2024-03,Q1,03,Dia da Mulher
2024-03-30,20240330,30,3,March,2024,1,Saturday,13,5,True,False,False,2024-03,Q1,03,Dia da Mulher
2024-03-31,20240331,31,3,March,2024,1,Sunday,13,5,True,False,True,2024-03,Q1,03,Dia da Mulher
2024-04-01,20240401,1,4,April,2024,2,Monday,14,1,False,True,False,2024-04,Q2,04,Regular
2024-04-02,20240402,2,4,April,2024,2,Tuesday,14,1,False,False,False,2024-04,Q2,04,Regular
2024-04-03,20240403,3,4,April,2024,2,Wednesday,14,1,False,False,False,2024-04,Q2,04,Regular
2024-04-04,20240404,4,4,April,2024,2,Thursday,14,1,False,False,False,2024-04,Q2,04,Regular
2024-04-05,20240405,5,4,April,2024,2,Friday,14,1,False,False,False,2024-04,Q2,04,Regular
2024-04-06,20240406,6,4,April,2024,2,Saturday,14,1,True,False,False,2024-04,Q2,04,Regular
2024-04-07,20240407,7,4,April,2024,2,Sunday,14,1,True,False,False,2024-04,Q2,04,Regular
2024-04-08,20240408,8,4,April,2024,2,Monday,15,2,False,False,False,2024-04,Q2,04,Regular
2024-04-09,20240409,9,4,April,2024,2,Tuesday,15,2,False,False,False,2024-04,Q2,04,Regular
2024-04-10,20240410,10,4,April,2024,2,Wednesday,15,2,False,False,False,2024-04,Q2,04,Regular
2024-04-11,20240411,11,4,April,2024,2,Thursday,15,2,False,False,False,2024-04,Q2,04,Regular
2024-04-12,20240412,12,4,April,2024,2,Friday,15,2,False,False,False,2024-04,Q2,04,Regular
2024-04-13,20240413,13,4,April,2024,2,Saturday,15,2,True,False,False,2024-04,Q2,04,Regular
2024-04-14,20240414,14,4,April,2024,2,Sunday,15,2,True,False,False,2024-04,Q2,04,Regular
2024-04-15,20240415,15,4,April,2024,2,Monday,16,3,False,False,False,2024-04,Q2,04,Regular
2024-04-16,20240416,16,4,April,2024,2,Tuesday,16,3,False,False,False,2024-04,Q2,04,Regular
2024-04-17,20240417,17,4,April,2024,2,Wednesday,16,3,False,False,False,2024-04,Q2,04,Regular
2024-04-18,20240418,18,4,April,2024,2,Thursday,16,3,False,False,False,2024-04,Q2,04,Regular
2024-04-19,20240419,19,4,April,2024,2,Friday,16,3,False,False,False,2024-04,Q2,04,Regular
2024-04-20,20240420,20,4,April,2024,2,Saturday,16,3,True,False,False,2024-04,Q2,04,Regular
2024-04-21,20240421,21,4,April,2024,2,Sunday,16,3,True,False,False,2024-04,Q2,04,Regular
2024-04-22,20240422,22,4,April,2024,2,Monday,17,4,False,False,False,2024-04,Q2,04,Regular
2024-04-23,20240423,23,4,April,2024,2,Tuesday,17,4,False,False,False,2024-04,Q2,04,Regular
2024-04-24,20240424,24,4,April,2024,2,Wednesday,17,4,False,False,False,2024-04,Q2,04,Regular
2024-04-25,20240425,25,4,April,2024,2,Thursday,17,4,False,False,False,2024-04,Q2,04,Regular
2024-04-26,20240426,26,4,April,2024,2,Friday,17,4,False,False,False,2024-04,Q2,04,Regular
2024-04-27,20240427,27,4,April,2024,2,Saturday,17,4,True,False,False,2024-04,Q2,04,Regular
2024-04-28,20240428,28,4,April,2024,2,Sunday,17,4,True,False,False,2024-04,Q2,04,Regular
2024-04-29,20240429,29,4,April,2024,2,Monday,18,5,False,False,False,2024-04,Q2,04,Regular
2024-04-30,20240430,30,4,April,2024,2,Tuesday,18,5,False,False,True,2024-04,Q2,04,Regular
2024-05-01,20240501,1,5,May,2024,2,Wednesday,18,1,False,True,False,2024-05,Q2,05,Dia das Mães
2024-05-02,20240502,2,5,May,2024,2,Thursday,18,1,False,False,False,2024-05,Q2,05,Dia das Mães
2024-05-03,20240503,3,5,May,2024,2,Friday,18,1,False,False,False,2024-05,Q2,05,Dia das Mães
2024-05-04,20240504,4,5,May,2024,2,Saturday,18,1,True,False,False,2024-05,Q2,05,Dia das Mães
2024-05-05,20240505,5,5,May,2024,2,Sunday,18,1,True,False,False,2024-05,Q2,05,Dia das Mães
2024-05-06,20240506,6,5,May,2024,2,Monday,19,1,False,False,False,2024-05,Q2,05,Dia das Mães
2024-05-07,20240507,7,5,May,2024,2,Tuesday,19,1,False,False,False,2024-05,Q2,05,Dia das Mães
2024-05-08,20240508,8,5,May,2024,2,Wednesday,19,2,False,False,False,2024-05,Q2,05,Dia das Mães
2024-05-09,20240509,9,5,May,2024,2,Thursday,19,2,False,False,False,2024-05,Q2,05,Dia das Mães
2024-05-10,20240510,10,5,May,2024,2,Friday,19,2,False,False,False,2024-05,Q2,05,Dia das Mães
2024-05-11,20240511,11,5,May,2024,2,Saturday,19,2,True,False,False,2024-05,Q2,05,Dia das Mães
2024-05-12,20240512,12,5,May,2024,2,Sunday,19,2,True,False,False,2024-05,Q2,05,Dia das Mães
2024-05-13,20240513,13,5,May,2024,2,Monday,20,2,False,False,False,2024-05,Q2,05,Dia das Mães
2024-05-14,20240514,14,5,May,2024,2,Tuesday,20,2,False,False,False,2024-05,Q2,05,Dia das Mães
2024-05-15,20240515,15,5,May,2024,2,Wednesday,20,3,False,False,False,2024-05,Q2,05,Dia das Mães
2024-05-16,20240516,16,5,May,2024,2,Thursday,20,3,False,False,False,2024-05,Q2,05,Dia das Mães
2024-05-17,20240517,17,5,May,2024,2,Friday,20,3,False,False,False,2024-05,Q2,05,Dia das Mães
2024-05-18,20240518,18,5,May,2024,2,Saturday,20,3,True,False,False,2024-05,Q2,05,Dia das Mães
2024-05-19,20240519,19,5,May,2024,2,Sunday,20,3,True,False,False,2024-05,Q2,05,Dia das Mães
2024-05-20,20240520,20,5,May,2024,2,Monday,21,3,False,False,False,2024-05,Q2,05,Dia das Mães
2024-05-21,20240521,21,5,May,2024,2,Tuesday,21,3,False,False,False,2024-05,Q2,05,Dia das Mães
2024-05-22,20240522,22,5,May,2024,2,Wednesday,21,4,False,False,False,2024-05,Q2,05,Dia das Mães
2024-05-23,20240523,23,5,May,2024,2,Thursday,21,4,False,False,False,2024-05,Q2,05,Dia das Mães
2024-05-24,20240524,24,5,May,2024,2,Friday,21,4,False,False,False,2024-05,Q2,05,Dia das Mães
2024-05-25,20240525,25,5,May,2024,2,Saturday,21,4,True,False,False,2024-05,Q2,05,Dia das Mães
2024-05-26,20240526,26,5,May,2024,2,Sunday,21,4,True,False,False,2024-05,Q2,05,Dia das Mães
2024-05-27,20240527,27,5,May,2024,2,Monday,22,4,False,False,False,2024-05,Q2,05,Dia das Mães
2024-05-28,20240528,28,5,May,2024,2,Tuesday,22,4,False,False,False,2024-05,Q2,05,Dia das Mães
2024-05-29,20240529,29,5,May,2024,2,Wednesday,22,5,False,False,False,2024-05,Q2,05,Dia das Mães
2024-05-30,20240530,30,5,May,2024,2,Thursday,22,5,False,False,False,2024-05,Q2,05,Dia das Mães
2024-05-31,20240531,31,5,May,2024,2,Friday,22,5,False,False,True,2024-05,Q2,05,Dia das Mães
2024-06-01,20240601,1,6,June,2024,2,Saturday,22,1,True,True,False,2024-06,Q2,06,Dia dos Namorados
2024-06-02,20240602,2,6,June,2024,2,Sunday,22,1,True,False,False,2024-06,Q2,06,Dia dos Namorados
2024-06-03,20240603,3,6,June,2024,2,Monday,23,1,False,False,False,2024-06,Q2,06,Dia dos Namorados
2024-06-04,20240604,4,6,June,2024,2,Tuesday,23,1,False,False,False,2024-06,Q2,06,Dia dos Namorados
2024-06-05,20240605,5,6,June,2024,2,Wednesday,23,1,False,False,False,2024-06,Q2,06,Dia dos Namorados
2024-06-06,20240606,6,6,June,2024,2,Thursday,23,1,False,False,False,2024-06,Q2,06,Dia dos Namorados
2024-06-07,20240607,7,6,June,2024,2,Friday,23,1,False,False,False,2024-06,Q2,06,Dia dos Namorados
2024-06-08,20240608,8,6,June,2024,2,Saturday,23,2,True,False,False,2024-06,Q2,06,Dia dos Namorados
2024-06-09,20240609,9,6,June,2024,2,Sunday,23,2,True,False,False,2024-06,Q2,06,Dia dos Namorados
2024-06-10,20240610,10,6,June,2024,2,Monday,24,2,False,False,False,2024-06,Q2,06,Dia dos Namorados
2024-06-11,20240611,11,6,June,2024,2,Tuesday,24,2,False,False,False,2024-06,Q2,06,Dia dos Namorados
2024-06-12,20240612,12,6,June,2024,2,Wednesday,24,2,False,False,False,2024-06,Q2,06,Dia dos Namorados
2024-06-13,20240613,13,6,June,2024,2,Thursday,24,2,False,False,False,2024-06,Q2,06,Dia dos Namorados
2024-06-14,20240614,14,6,June,2024,2,Friday,24,2,False,False,False,2024-06,Q2,06,Dia dos Namorados
2024-06-15,20240615,15,6,June,2024,2,Saturday,24,3,True,False,False,2024-06,Q2,06,Dia dos Namorados
2024-06-16,20240616,16,6,June,2024,2,Sunday,24,3,True,False,False,2024-06,Q2,06,Dia dos Namorados
2024-06-17,20240617,17,6,June,2024,2,Monday,25,3,False,False,False,2024-06,Q2,06,Dia dos Namorados
2024-06-18,20240618,18,6,June,2024,2,Tuesday,25,3,False,False,False,2024-06,Q2,06,Dia dos Namorados
2024-06-19,20240619,19,6,June,2024,2,Wednesday,25,3,False,False,False,2024-06,Q2,06,Dia dos Namorados
2024-06-20,20240620,20,6,June,2024,2,Thursday,25,3,False,False,False,2024-06,Q2,06,Dia dos Namorados
2024-06-21,20240621,21,6,June,2024,2,Friday,25,3,False,False,False,2024-06,Q2,06,Dia dos Namorados
2024-06-22,20240622,22,6,June,2024,2,Saturday,25,4,True,False,False,2024-06,Q2,06,Dia dos Namorados
2024-06-23,20240623,23,6,June,2024,2,Sunday,25,4,True,False,False,2024-06,Q2,06,Dia dos Namorados
2024-06-24,20240624,24,6,June,2024,2,Monday,26,4,False,False,False,2024-06,Q2,06,Dia dos Namorados
2024-06-25,20240625,25,6,June,2024,2,Tuesday,26,4,False,False,False,2024-06,Q2,06,Dia dos Namorados
2024-06-26,20240626,26,6,June,2024,2,Wednesday,26,4,False,False,False,2024-06,Q2,06,Dia dos Namorados
2024-06-27,20240627,27,6,June,2024,2,Thursday,26,4,False,False,False,2024-06,Q2,06,Dia dos Namorados
2024-06-28,20240628,28,6,June,2024,2,Friday,26,4,False,False,False,2024-06,Q2,06,Dia dos Namorados
2024-06-29,20240629,29,6,June,2024,2,Saturday,26,5,True,False,False,2024-06,Q2,06,Dia dos Namorados
2024-06-30,20240630,30,6,June,2024,2,Sunday,26,5,True,False,True,2024-06,Q2,06,Dia dos Namorados
2024-07-01,20240701,1,7,July,2024,3,Monday,27,1,False,True,False,2024-07,Q3,07,Regular
2024-07-02,20240702,2,7,July,2024,3,Tuesday,27,1,False,False,False,2024-07,Q3,07,Regular
2024-07-03,20240703,3,7,July,2024,3,Wednesday,27,1,False,False,False,2024-07,Q3,07,Regular
2024-07-04,20240704,4,7,July,2024,3,Thursday,27,1,False,False,False,2024-07,Q3,07,Regular
2024-07-05,20240705,5,7,July,2024,3,Friday,27,1,False,False,False,2024-07,Q3,07,Regular
2024-07-06,20240706,6,7,July,2024,3,Saturday,27,1,True,False,False,2024-07,Q3,07,Regular
2024-07-07,20240707,7,7,July,2024,3,Sunday,27,1,True,False,False,2024-07,Q3,07,Regular
2024-07-08,20240708,8,7,July,2024,3,Monday,28,2,False,False,False,2024-07,Q3,07,Regular
2024-07-09,20240709,9,7,July,2024,3,Tuesday,28,2,False,False,False,2024-07,Q3,07,Regular
2024-07-10,20240710,10,7,July,2024,3,Wednesday,28,2,False,False,False,2024-07,Q3,07,Regular
2024-07-11,20240711,11,7,July,2024,3,Thursday,28,2,False,False,False,2024-07,Q3,07,Regular
2024-07-12,20240712,12,7,July,2024,3,Friday,28,2,False,False,False,2024-07,Q3,07,Regular
2024-07-13,20240713,13,7,July,2024,3,Saturday,28,2,True,False,False,2024-07,Q3,07,Regular
2024-07-14,20240714,14,7,July,2024,3,Sunday,28,2,True,False,False,2024-07,Q3,07,Regular
2024-07-15,20240715,15,7,July,2024,3,Monday,29,3,False,False,False,2024-07,Q3,07,Regular
2024-07-16,20240716,16,7,July,2024,3,Tuesday,29,3,False,False,False,2024-07,Q3,07,Regular
2024-07-17,20240717,17,7,July,2024,3,Wednesday,29,3,False,False,False,2024-07,Q3,07,Regular
2024-07-18,20240718,18,7,July,2024,3,Thursday,29,3,False,False,False,2024-07,Q3,07,Regular
2024-07-19,20240719,19,7,July,2024,3,Friday,29,3,False,False,False,2024-07,Q3,07,Regular
2024-07-20,20240720,20,7,July,2024,3,Saturday,29,3,True,False,False,2024-07,Q3,07,Regular
2024-07-21,20240721,21,7,July,2024,3,Sunday,29,3,True,False,False,2024-07,Q3,07,Regular
2024-07-22,20240722,22,7,July,2024,3,Monday,30,4,False,False,False,2024-07,Q3,07,Regular
2024-07-23,20240723,23,7,July,2024,3,Tuesday,30,4,False,False,False,2024-07,Q3,07,Regular
2024-07-24,20240724,24,7,July,2024,3,Wednesday,30,4,False,False,False,2024-07,Q3,07,Regular
2024-07-25,20240725,25,7,July,2024,3,Thursday,30,4,False,False,False,2024-07,Q3,07,Regular
2024-07-26,20240726,26,7,July,2024,3,Friday,30,4,False,False,False,2024-07,Q3,07,Regular
2024-07-27,20240727,27,7,July,2024,3,Saturday,30,4,True,False,False,2024-07,Q3,07,Regular
2024-07-28,20240728,28,7,July,2024,3,Sunday,30,4,True,False,False,2024-07,Q3,07,Regular
2024-07-29,20240729,29,7,July,2024,3,Monday,31,5,False,False,False,2024-07,Q3,07,Regular
2024-07-30,20240730,30,7,July,2024,3,Tuesday,31,5,False,False,False,2024-07,Q3,07,Regular
2024-07-31,20240731,31,7,July,2024,3,Wednesday,31,5,False,False,True,2024-07,Q3,07,Regular
2024-08-01,20240801,1,8,August,2024,3,Thursday,31,1,False,True,False,2024-08,Q3,08,Regular
2024-08-02,20240802,2,8,August,2024,3,Friday,31,1,False,False,False,2024-08,Q3,08,Regular
2024-08-03,20240803,3,8,August,2024,3,Saturday,31,1,True,False,False,2024-08,Q3,08,Regular
2024-08-04,20240804,4,8,August,2024,3,Sunday,31,1,True,False,False,2024-08,Q3,08,Regular
2024-08-05,20240805,5,8,August,2024,3,Monday,32,1,False,False,False,2024-08,Q3,08,Regular
2024-08-06,20240806,6,8,August,2024,3,Tuesday,32,1,False,False,False,2024-08,Q3,08,Regular
2024-08-07,20240807,7,8,August,2024,3,Wednesday,32,1,False,False,False,2024-08,Q3,08,Regular
2024-08-08,20240808,8,8,August,2024,3,Thursday,32,2,False,False,False,2024-08,Q3,08,Regular
2024-08-09,20240809,9,8,August,2024,3,Friday,32,2,False,False,False,2024-08,Q3,08,Regular
2024-08-10,20240810,10,8,August,2024,3,Saturday,32,2,True,False,False,2024-08,Q3,08,Regular
2024-08-11,20240811,11,8,August,2024,3,Sunday,32,2,True,False,False,2024-08,Q3,08,Regular
2024-08-12,20240812,12,8,August,2024,3,Monday,33,2,False,False,False,2024-08,Q3,08,Regular
2024-08-13,20240813,13,8,August,2024,3,Tuesday,33,2,False,False,False,2024-08,Q3,08,Regular
2024-08-14,20240814,14,8,August,2024,3,Wednesday,33,2,False,False,False,2024-08,Q3,08,Regular
2024-08-15,20240815,15,8,August,2024,3,Thursday,33,3,False,False,False,2024-08,Q3,08,Regular
2024-08-16,20240816,16,8,August,2024,3,Friday,33,3,False,False,False,2024-08,Q3,08,Regular
2024-08-17,20240817,17,8,August,2024,3,Saturday,33,3,True,False,False,2024-08,Q3,08,Regular
2024-08-18,20240818,18,8,August,2024,3,Sunday,33,3,True,False,False,2024-08,Q3,08,Regular
2024-08-19,20240819,19,8,August,2024,3,Monday,34,3,False,False,False,2024-08,Q3,08,Regular
2024-08-20,20240820,20,8,August,2024,3,Tuesday,34,3,False,False,False,2024-08,Q3,08,Regular
2024-08-21,20240821,21,8,August,2024,3,Wednesday,34,3,False,False,False,2024-08,Q3,08,Regular
2024-08-22,20240822,22,8,August,2024,3,Thursday,34,4,False,False,False,2024-08,Q3,08,Regular
2024-08-23,20240823,23,8,August,2024,3,Friday,34,4,False,False,False,2024-08,Q3,08,Regular
2024-08-24,20240824,24,8,August,2024,3,Saturday,34,4,True,False,False,2024-08,Q3,08,Regular
2024-08-25,20240825,25,8,August,2024,3,Sunday,34,4,True,False,False,2024-08,Q3,08,Regular
2024-08-26,20240826,26,8,August,2024,3,Monday,35,4,False,False,False,2024-08,Q3,08,Regular
2024-08-27,20240827,27,8,August,2024,3,Tuesday,35,4,False,False,False,2024-08,Q3,08,Regular
2024-08-28,20240828,28,8,August,2024,3,Wednesday,35,4,False,False,False,2024-08,Q3,08,Regular
2024-08-29,20240829,29,8,August,2024,3,Thursday,35,5,False,False,False,2024-08,Q3,08,Regular
2024-08-30,20240830,30,8,August,2024,3,Friday,35,5,False,False,False,2024-08,Q3,08,Regular
2024-08-31,20240831,31,8,August,2024,3,Saturday,35,5,True,False,True,2024-08,Q3,08,Regular
2024-09-01,20240901,1,9,September,2024,3,Sunday,35,1,True,True,False,2024-09,Q3,09,Regular
2024-09-02,20240902,2,9,September,2024,3,Monday,36,1,False,False,False,2024-09,Q3,09,Regular
2024-09-03,20240903,3,9,September,2024,3,Tuesday,36,1,False,False,False,2024-09,Q3,09,Regular
2024-09-04,20240904,4,9,September,2024,3,Wednesday,36,1,False,False,False,2024-09,Q3,09,Regular
2024-09-05,20240905,5,9,September,2024,3,Thursday,36,1,False,False,False,2024-09,Q3,09,Regular
2024-09-06,20240906,6,9,September,2024,3,Friday,36,1,False,False,False,2024-09,Q3,09,Regular
2024-09-07,20240907,7,9,September,2024,3,Saturday,36,1,True,False,False,2024-09,Q3,09,Regular
2024-09-08,20240908,8,9,September,2024,3,Sunday,36,2,True,False,False,2024-09,Q3,09,Regular
2024-09-09,20240909,9,9,September,2024,3,Monday,37,2,False,False,False,2024-09,Q3,09,Regular
2024-09-10,20240910,10,9,September,2024,3,Tuesday,37,2,False,False,False,2024-09,Q3,09,Regular
2024-09-11,20240911,11,9,September,2024,3,Wednesday,37,2,False,False,False,2024-09,Q3,09,Regular
2024-09-12,20240912,12,9,September,2024,3,Thursday,37,2,False,False,False,2024-09,Q3,09,Regular
2024-09-13,20240913,13,9,September,2024,3,Friday,37,2,False,False,False,2024-09,Q3,09,Regular
2024-09-14,20240914,14,9,September,2024,3,Saturday,37,2,True,False,False,2024-09,Q3,09,Regular
2024-09-15,20240915,15,9,September,2024,3,Sunday,37,3,True,False,False,2024-09,Q3,09,Regular
2024-09-16,20240916,16,9,September,2024,3,Monday,38,3,False,False,False,2024-09,Q3,09,Regular
2024-09-17,20240917,17,9,September,2024,3,Tuesday,38,3,False,False,False,2024-09,Q3,09,Regular
2024-09-18,20240918,18,9,September,2024,3,Wednesday,38,3,False,False,False,2024-09,Q3,09,Regular
2024-09-19,20240919,19,9,September,2024,3,Thursday,38,3,False,False,False,2024-09,Q3,09,Regular
2024-09-20,20240920,20,9,September,2024,3,Friday,38,3,False,False,False,2024-09,Q3,09,Regular
2024-09-21,20240921,21,9,September,2024,3,Saturday,38,3,True,False,False,2024-09,Q3,09,Regular
2024-09-22,20240922,22,9,September,2024,3,Sunday,38,4,True,False,False,2024-09,Q3,09,Regular
2024-09-23,20240923,23,9,September,2024,3,Monday,39,4,False,False,False,2024-09,Q3,09,Regular
2024-09-24,20240924,24,9,September,2024,3,Tuesday,39,4,False,False,False,2024-09,Q3,09,Regular
2024-09-25,20240925,25,9,September,2024,3,Wednesday,39,4,False,False,False,2024-09,Q3,09,Regular
2024-09-26,20240926,26,9,September,2024,3,Thursday,39,4,False,False,False,2024-09,Q3,09,Regular
2024-09-27,20240927,27,9,September,2024,3,Friday,39,4,False,False,False,2024-09,Q3,09,Regular
2024-09-28,20240928,28,9,September,2024,3,Saturday,39,4,True,False,False,2024-09,Q3,09,Regular
2024-09-29,20240929,29,9,September,2024,3,Sunday,39,5,True,False,False,2024-09,Q3,09,Regular
2024-09-30,20240930,30,9,September,2024,3,Monday,40,5,False,False,True,2024-09,Q3,09,Regular
2024-10-01,20241001,1,10,October,2024,4,Tuesday,40,1,False,True,False,2024-10,Q4,10,Regular
2024-10-02,20241002,2,10,October,2024,4,Wednesday,40,1,False,False,False,2024-10,Q4,10,Regular
2024-10-03,20241003,3,10,October,2024,4,Thursday,40,1,False,False,False,2024-10,Q4,10,Regular
2024-10-04,20241004,4,10,October,2024,4,Friday,40,1,False,False,False,2024-10,Q4,10,Regular
2024-10-05,20241005,5,10,October,2024,4,Saturday,40,1,True,False,False,2024-10,Q4,10,Regular
2024-10-06,20241006,6,10,October,2024,4,Sunday,40,1,True,False,False,2024-10,Q4,10,Regular
2024-10-07,20241007,7,10,October,2024,4,Monday,41,1,False,False,False,2024-10,Q4,10,Regular
2024-10-08,20241008,8,10,October,2024,4,Tuesday,41,2,False,False,False,2024-10,Q4,10,Regular
2024-10-09,20241009,9,10,October,2024,4,Wednesday,41,2,False,False,False,2024-10,Q4,10,Regular
2024-10-10,20241010,10,10,October,2024,4,Thursday,41,2,False,False,False,2024-10,Q4,10,Regular
2024-10-11,20241011,11,10,October,2024,4,Friday,41,2,False,False,False,2024-10,Q4,10,Regular
2024-10-12,20241012,12,10,October,2024,4,Saturday,41,2,True,False,False,2024-10,Q4,10,Regular
2024-10-13,20241013,13,10,October,2024,4,Sunday,41,2,True,False,False,2024-10,Q4,10,Regular
2024-10-14,20241014,14,10,October,2024,4,Monday,42,2,False,False,False,2024-10,Q4,10,Regular
2024-10-15,20241015,15,10,October,2024,4,Tuesday,42,3,False,False,False,2024-10,Q4,10,Regular
2024-10-16,20241016,16,10,October,2024,4,Wednesday,42,3,False,False,False,2024-10,Q4,10,Regular
2024-10-17,20241017,17,10,October,2024,4,Thursday,42,3,False,False,False,2024-10,Q4,10,Regular
2024-10-18,20241018,18,10,October,2024,4,Friday,42,3,False,False,False,2024-10,Q4,10,Regular
2024-10-19,20241019,19,10,October,2024,4,Saturday,42,3,True,False,False,2024-10,Q4,10,Regular
2024-10-20,20241020,20,10,October,2024,4,Sunday,42,3,True,False,False,2024-10,Q4,10,Regular
2024-10-21,20241021,21,10,October,2024,4,Monday,43,3,False,False,False,2024-10,Q4,10,Regular
2024-10-22,20241022,22,10,October,2024,4,Tuesday,43,4,False,False,False,2024-10,Q4,10,Regular
2024-10-23,20241023,23,10,October,2024,4,Wednesday,43,4,False,False,False,2024-10,Q4,10,Regular
2024-10-24,20241024,24,10,October,2024,4,Thursday,43,4,False,False,False,2024-10,Q4,10,Regular
2024-10-25,20241025,25,10,October,2024,4,Friday,43,4,False,False,False,2024-10,Q4,10,Regular
2024-10-26,20241026,26,10,October,2024,4,Saturday,43,4,True,False,False,2024-10,Q4,10,Regular
2024-10-27,20241027,27,10,October,2024,4,Sunday,43,4,True,False,False,2024-10,Q4,10,Regular
2024-10-28,20241028,28,10,October,2024,4,Monday,44,4,False,False,False,2024-10,Q4,10,Regular
2024-10-29,20241029,29,10,October,2024,4,Tuesday,44,5,False,False,False,2024-10,Q4,10,Regular
2024-10-30,20241030,30,10,October,2024,4,Wednesday,44,5,False,False,False,2024-10,Q4,10,Regular
2024-10-31,20241031,31,10,October,2024,4,Thursday,44,5,False,False,True,2024-10,Q4,10,Regular
2024-11-01,20241101,1,11,November,2024,4,Friday,44,1,False,True,False,2024-11,Q4,11,Black Friday
2024-11-02,20241102,2,11,November,2024,4,Saturday,44,1,True,False,False,2024-11,Q4,11,Black Friday
2024-11-03,20241103,3,11,November,2024,4,Sunday,44,1,True,False,False,2024-11,Q4,11,Black Friday
2024-11-04,20241104,4,11,November,2024,4,Monday,45,1,False,False,False,2024-11,Q4,11,Black Friday
2024-11-05,20241105,5,11,November,2024,4,Tuesday,45,1,False,False,False,2024-11,Q4,11,Black Friday
2024-11-06,20241106,6,11,November,2024,4,Wednesday,45,1,False,False,False,2024-11,Q4,11,Black Friday
2024-11-07,20241107,7,11,November,2024,4,Thursday,45,1,False,False,False,2024-11,Q4,11,Black Friday
2024-11-08,20241108,8,11,November,2024,4,Friday,45,2,False,False,False,2024-11,Q4,11,Black Friday
2024-11-09,20241109,9,11,November,2024,4,Saturday,45,2,True,False,False,2024-11,Q4,11,Black Friday
2024-11-10,20241110,10,11,November,2024,4,Sunday,45,2,True,False,False,2024-11,Q4,11,Black Friday
2024-11-11,20241111,11,11,November,2024,4,Monday,46,2,False,False,False,2024-11,Q4,11,Black Friday
2024-11-12,20241112,12,11,November,2024,4,Tuesday,46,2,False,False,False,2024-11,Q4,11,Black Friday
2024-11-13,20241113,13,11,November,2024,4,Wednesday,46,2,False,False,False,2024-11,Q4,11,Black Friday
2024-11-14,20241114,14,11,November,2024,4,Thursday,46,2,False,False,False,2024-11,Q4,11,Black Friday
2024-11-15,20241115,15,11,November,2024,4,Friday,46,3,False,False,False,2024-11,Q4,11,Black Friday
2024-11-16,20241116,16,11,November,2024,4,Saturday,46,3,True,False,False,2024-11,Q4,11,Black Friday
2024-11-17,20241117,17,11,November,2024,4,Sunday,46,3,True,False,False,2024-11,Q4,11,Black Friday
2024-11-18,20241118,18,11,November,2024,4,Monday,47,3,False,False,False,2024-11,Q4,11,Black Friday
2024-11-19,20241119,19,11,November,2024,4,Tuesday,47,3,False,False,False,2024-11,Q4,11,Black Friday
2024-11-20,20241120,20,11,November,2024,4,Wednesday,47,3,False,False,False,2024-11,Q4,11,Black Friday
2024-11-21,20241121,21,11,November,2024,4,Thursday,47,3,False,False,False,2024-11,Q4,11,Black Friday
2024-11-22,20241122,22,11,November,2024,4,Friday,47,4,False,False,False,2024-11,Q4,11,Black Friday
2024-11-23,20241123,23,11,November,2024,4,Saturday,47,4,True,False,False,2024-11,Q4,11,Black Friday
2024-11-24,20241124,24,11,November,2024,4,Sunday,47,4,True,False,False,2024-11,Q4,11,Black Friday
2024-11-25,20241125,25,11,November,2024,4,Monday,48,4,False,False,False,2024-11,Q4,11,Black Friday
2024-11-26,20241126,26,11,November,2024,4,Tuesday,48,4,False,False,False,2024-11,Q4,11,Black Friday
2024-11-27,20241127,27,11,November,2024,4,Wednesday,48,4,False,False,False,2024-11,Q4,11,Black Friday
2024-11-28,20241128,28,11,November,2024,4,Thursday,48,4,False,False,False,2024-11,Q4,11,Black Friday
2024-11-29,20241129,29,11,November,2024,4,Friday,48,5,False,False,False,2024-11,Q4,11,Black Friday
2024-11-30,20241130,30,11,November,2024,4,Saturday,48,5,True,False,True,2024-11,Q4,11,Black Friday
2024-12-01,20241201,1,12,December,2024,4,Sunday,48,1,True,True,False,2024-12,Q4,12,Natal
2024-12-02,20241202,2,12,December,2024,4,Monday,49,1,False,False,False,2024-12,Q4,12,Natal
2024-12-03,20241203,3,12,December,2024,4,Tuesday,49,1,False,False,False,2024-12,Q4,12,Natal
2024-12-04,20241204,4,12,December,2024,4,Wednesday,49,1,False,False,False,2024-12,Q4,12,Natal
2024-12-05,20241205,5,12,December,2024,4,Thursday,49,1,False,False,False,2024-12,Q4,12,Natal
2024-12-06,20241206,6,12,December,2024,4,Friday,49,1,False,False,False,2024-12,Q4,12,Natal
2024-12-07,20241207,7,12,December,2024,4,Saturday,49,1,True,False,False,2024-12,Q4,12,Natal
2024-12-08,20241208,8,12,December,2024,4,Sunday,49,2,True,False,False,2024-12,Q4,12,Natal
2024-12-09,20241209,9,12,December,2024,4,Monday,50,2,False,False,False,2024-12,Q4,12,Natal
2024-12-10,20241210,10,12,December,2024,4,Tuesday,50,2,False,False,False,2024-12,Q4,12,Natal
2024-12-11,20241211,11,12,December,2024,4,Wednesday,50,2,False,False,False,2024-12,Q4,12,Natal
2024-12-12,20241212,12,12,December,2024,4,Thursday,50,2,False,False,False,2024-12,Q4,12,Natal
2024-12-13,20241213,13,12,December,2024,4,Friday,50,2,False,False,False,2024-12,Q4,12,Natal
2024-12-14,20241214,14,12,December,2024,4,Saturday,50,2,True,False,False,2024-12,Q4,12,Natal
2024-12-15,20241215,15,12,December,2024,4,Sunday,50,3,True,False,False,2024-12,Q4,12,Natal
2024-12-16,20241216,16,12,December,2024,4,Monday,51,3,False,False,False,2024-12,Q4,12,Natal
2024-12-17,20241217,17,12,December,2024,4,Tuesday,51,3,False,False,False,2024-12,Q4,12,Natal
2024-12-18,20241218,18,12,December,2024,4,Wednesday,51,3,False,False,False,2024-12,Q4,12,Natal
2024-12-19,20241219,19,12,December,2024,4,Thursday,51,3,False,False,False,2024-12,Q4,12,Natal
2024-12-20,20241220,20,12,December,2024,4,Friday,51,3,False,False,False,2024-12,Q4,12,Natal
2024-12-21,20241221,21,12,December,2024,4,Saturday,51,3,True,False,False,2024-12,Q4,12,Natal
2024-12-22,20241222,22,12,December,2024,4,Sunday,51,4,True,False,False,2024-12,Q4,12,Natal
2024-12-23,20241223,23,12,December,2024,4,Monday,52,4,False,False,False,2024-12,Q4,12,Natal
2024-12-24,20241224,24,12,December,2024,4,Tuesday,52,4,False,False,False,2024-12,Q4,12,Natal
2024-12-25,20241225,25,12,December,2024,4,Wednesday,52,4,False,False,False,2024-12,Q4,12,Natal
2024-12-26,20241226,26,12,December,2024,4,Thursday,52,4,False,False,False,2024-12,Q4,12,Natal
2024-12-27,20241227,27,12,December,2024,4,Friday,52,4,False,False,False,2024-12,Q4,12,Natal
2024-12-28,20241228,28,12,December,2024,4,Saturday,52,4,True,False,False,2024-12,Q4,12,Natal
2024-12-29,20241229,29,12,December,2024,4,Sunday,52,5,True,False,False,2024-12,Q4,12,Natal
2024-12-30,20241230,30,12,December,2024,4,Monday,1,5,False,False,False,2024-12,Q4,12,Natal
2024-12-31,20241231,31,12,December,2024,4,Tuesday,1,5,False,False,True,2024-12,Q4,12,Natal
2025-01-01,20250101,1,1,January,2025,1,Wednesday,1,1,False,True,False,2025-01,Q1,01,Regular
2025-01-02,20250102,2,1,January,2025,1,Thursday,1,1,False,False,False,2025-01,Q1,01,Regular
2025-01-03,20250103,3,1,January,2025,1,Friday,1,1,False,False,False,2025-01,Q1,01,Regular
2025-01-04,20250104,4,1,January,2025,1,Saturday,1,1,True,False,False,2025-01,Q1,01,Regular
2025-01-05,20250105,5,1,January,2025,1,Sunday,1,1,True,False,False,2025-01,Q1,01,Regular
2025-01-06,20250106,6,1,January,2025,1,Monday,2,1,False,False,False,2025-01,Q1,01,Regular
2025-01-07,20250107,7,1,January,2025,1,Tuesday,2,1,False,False,False,2025-01,Q1,01,Regular
2025-01-08,20250108,8,1,January,2025,1,Wednesday,2,2,False,False,False,2025-01,Q1,01,Regular
2025-01-09,20250109,9,1,January,2025,1,Thursday,2,2,False,False,False,2025-01,Q1,01,Regular
2025-01-10,20250110,10,1,January,2025,1,Friday,2,2,False,False,False,2025-01,Q1,01,Regular
2025-01-11,20250111,11,1,January,2025,1,Saturday,2,2,True,False,False,2025-01,Q1,01,Regular
2025-01-12,20250112,12,1,January,2025,1,Sunday,2,2,True,False,False,2025-01,Q1,01,Regular
2025-01-13,20250113,13,1,January,2025,1,Monday,3,2,False,False,False,2025-01,Q1,01,Regular
2025-01-14,20250114,14,1,January,2025,1,Tuesday,3,2,False,False,False,2025-01,Q1,01,Regular
2025-01-15,20250115,15,1,January,2025,1,Wednesday,3,3,False,False,False,2025-01,Q1,01,Regular
2025-01-16,20250116,16,1,January,2025,1,Thursday,3,3,False,False,False,2025-01,Q1,01,Regular
2025-01-17,20250117,17,1,January,2025,1,Friday,3,3,False,False,False,2025-01,Q1,01,Regular
2025-01-18,20250118,18,1,January,2025,1,Saturday,3,3,True,False,False,2025-01,Q1,01,Regular
2025-01-19,20250119,19,1,January,2025,1,Sunday,3,3,True,False,False,2025-01,Q1,01,Regular
2025-01-20,20250120,20,1,January,2025,1,Monday,4,3,False,False,False,2025-01,Q1,01,Regular
2025-01-21,20250121,21,1,January,2025,1,Tuesday,4,3,False,False,False,2025-01,Q1,01,Regular
2025-01-22,20250122,22,1,January,2025,1,Wednesday,4,4,False,False,False,2025-01,Q1,01,Regular
2025-01-23,20250123,23,1,January,2025,1,Thursday,4,4,False,False,False,2025-01,Q1,01,Regular
2025-01-24,20250124,24,1,January,2025,1,Friday,4,4,False,False,False,2025-01,Q1,01,Regular
2025-01-25,20250125,25,1,January,2025,1,Saturday,4,4,True,False,False,2025-01,Q1,01,Regular
2025-01-26,20250126,26,1,January,2025,1,Sunday,4,4,True,False,False,2025-01,Q1,01,Regular
2025-01-27,20250127,27,1,January,2025,1,Monday,5,4,False,False,False,2025-01,Q1,01,Regular
2025-01-28,20250128,28,1,January,2025,1,Tuesday,5,4,False,False,False,2025-01,Q1,01,Regular
2025-01-29,20250129,29,1,January,2025,1,Wednesday,5,5,False,False,False,2025-01,Q1,01,Regular
2025-01-30,20250130,30,1,January,2025,1,Thursday,5,5,False,False,False,2025-01,Q1,01,Regular
2025-01-31,20250131,31,1,January,2025,1,Friday,5,5,False,False,True,2025-01,Q1,01,Regular
2025-02-01,20250201,1,2,February,2025,1,Saturday,5,1,True,True,False,2025-02,Q1,02,Regular
2025-02-02,20250202,2,2,February,2025,1,Sunday,5,1,True,False,False,2025-02,Q1,02,Regular
2025-02-03,20250203,3,2,February,2025,1,Monday,6,1,False,False,False,2025-02,Q1,02,Regular
2025-02-04,20250204,4,2,February,2025,1,Tuesday,6,1,False,False,False,2025-02,Q1,02,Regular
2025-02-05,20250205,5,2,February,2025,1,Wednesday,6,1,False,False,False,2025-02,Q1,02,Regular
2025-02-06,20250206,6,2,February,2025,1,Thursday,6,1,False,False,False,2025-02,Q1,02,Regular
2025-02-07,20250207,7,2,February,2025,1,Friday,6,1,False,False,False,2025-02,Q1,02,Regular
2025-02-08,20250208,8,2,February,2025,1,Saturday,6,2,True,False,False,2025-02,Q1,02,Regular
2025-02-09,20250209,9,2,February,2025,1,Sunday,6,2,True,False,False,2025-02,Q1,02,Regular
2025-02-10,20250210,10,2,February,2025,1,Monday,7,2,False,False,False,2025-02,Q1,02,Regular
2025-02-11,20250211,11,2,February,2025,1,Tuesday,7,2,False,False,False,2025-02,Q1,02,Regular
2025-02-12,20250212,12,2,February,2025,1,Wednesday,7,2,False,False,False,2025-02,Q1,02,Regular
2025-02-13,20250213,13,2,February,2025,1,Thursday,7,2,False,False,False,2025-02,Q1,02,Regular
2025-02-14,20250214,14,2,February,2025,1,Friday,7,2,False,False,False,2025-02,Q1,02,Regular
2025-02-15,20250215,15,2,February,2025,1,Saturday,7,3,True,False,False,2025-02,Q1,02,Regular
2025-02-16,20250216,16,2,February,2025,1,Sunday,7,3,True,False,False,2025-02,Q1,02,Regular
2025-02-17,20250217,17,2,February,2025,1,Monday,8,3,False,False,False,2025-02,Q1,02,Regular
2025-02-18,20250218,18,2,February,2025,1,Tuesday,8,3,False,False,False,2025-02,Q1,02,Regular
2025-02-19,20250219,19,2,February,2025,1,Wednesday,8,3,False,False,False,2025-02,Q1,02,Regular
2025-02-20,20250220,20,2,February,2025,1,Thursday,8,3,False,False,False,2025-02,Q1,02,Regular
2025-02-21,20250221,21,2,February,2025,1,Friday,8,3,False,False,False,2025-02,Q1,02,Regular
2025-02-22,20250222,22,2,February,2025,1,Saturday,8,4,True,False,False,2025-02,Q1,02,Regular
2025-02-23,20250223,23,2,February,2025,1,Sunday,8,4,True,False,False,2025-02,Q1,02,Regular
2025-02-24,20250224,24,2,February,2025,1,Monday,9,4,False,False,False,2025-02,Q1,02,Regular
2025-02-25,20250225,25,2,February,2025,1,Tuesday,9,4,False,False,False,2025-02,Q1,02,Regular
2025-02-26,20250226,26,2,February,2025,1,Wednesday,9,4,False,False,False,2025-02,Q1,02,Regular
2025-02-27,20250227,27,2,February,2025,1,Thursday,9,4,False,False,False,2025-02,Q1,02,Regular
2025-02-28,20250228,28,2,February,2025,1,Friday,9,4,False,False,True,2025-02,Q1,02,Regular
2025-03-01,20250301,1,3,March,2025,1,Saturday,9,1,True,True,False,2025-03,Q1,03,Dia da Mulher
2025-03-02,20250302,2,3,March,2025,1,Sunday,9,1,True,False,False,2025-03,Q1,03,Dia da Mulher
2025-03-03,20250303,3,3,March,2025,1,Monday,10,1,False,False,False,2025-03,Q1,03,Dia da Mulher
2025-03-04,20250304,4,3,March,2025,1,Tuesday,10,1,False,False,False,2025-03,Q1,03,Dia da Mulher
2025-03-05,20250305,5,3,March,2025,1,Wednesday,10,1,False,False,False,2025-03,Q1,03,Dia da Mulher
2025-03-06,20250306,6,3,March,2025,1,Thursday,10,1,False,False,False,2025-03,Q1,03,Dia da Mulher
2025-03-07,20250307,7,3,March,2025,1,Friday,10,1,False,False,False,2025-03,Q1,03,Dia da Mulher
2025-03-08,20250308,8,3,March,2025,1,Saturday,10,2,True,False,False,2025-03,Q1,03,Dia da Mulher
2025-03-09,20250309,9,3,March,2025,1,Sunday,10,2,True,False,False,2025-03,Q1,03,Dia da Mulher
2025-03-10,20250310,10,3,March,2025,1,Monday,11,2,False,False,False,2025-03,Q1,03,Dia da Mulher
2025-03-11,20250311,11,3,March,2025,1,Tuesday,11,2,False,False,False,2025-03,Q1,03,Dia da Mulher
2025-03-12,20250312,12,3,March,2025,1,Wednesday,11,2,False,False,False,2025-03,Q1,03,Dia da Mulher
2025-03-13,20250313,13,3,March,2025,1,Thursday,11,2,False,False,False,2025-03,Q1,03,Dia da Mulher
2025-03-14,20250314,14,3,March,2025,1,Friday,11,2,False,False,False,2025-03,Q1,03,Dia da Mulher
2025-03-15,20250315,15,3,March,2025,1,Saturday,11,3,True,False,False,2025-03,Q1,03,Dia da Mulher
2025-03-16,20250316,16,3,March,2025,1,Sunday,11,3,True,False,False,2025-03,Q1,03,Dia da Mulher
2025-03-17,20250317,17,3,March,2025,1,Monday,12,3,False,False,False,2025-03,Q1,03,Dia da Mulher
2025-03-18,20250318,18,3,March,2025,1,Tuesday,12,3,False,False,False,2025-03,Q1,03,Dia da Mulher
2025-03-19,20250319,19,3,March,2025,1,Wednesday,12,3,False,False,False,2025-03,Q1,03,Dia da Mulher
2025-03-20,20250320,20,3,March,2025,1,Thursday,12,3,False,False,False,2025-03,Q1,03,Dia da Mulher
2025-03-21,20250321,21,3,March,2025,1,Friday,12,3,False,False,False,2025-03,Q1,03,Dia da Mulher
2025-03-22,20250322,22,3,March,2025,1,Saturday,12,4,True,False,False,2025-03,Q1,03,Dia da Mulher
2025-03-23,20250323,23,3,March,2025,1,Sunday,12,4,True,False,False,2025-03,Q1,03,Dia da Mulher
2025-03-24,20250324,24,3,March,2025,1,Monday,13,4,False,False,False,2025-03,Q1,03,Dia da Mulher
2025-03-25,20250325,25,3,March,2025,1,Tuesday,13,4,False,False,False,2025-03,Q1,03,Dia da Mulher
2025-03-26,20250326,26,3,March,2025,1,Wednesday,13,4,False,False,False,2025-03,Q1,03,Dia da Mulher
2025-03-27,20250327,27,3,March,2025,1,Thursday,13,4,False,False,False,2025-03,Q1,03,Dia da Mulher
2025-03-28,20250328,28,3,March,2025,1,Friday,13,4,False,False,False,2025-03,Q1,03,Dia da Mulher
2025-03-29,20250329,29,3,March,2025,1,Saturday,13,5,True,False,False,2025-03,Q1,03,Dia da Mulher
2025-03-30,20250330,30,3,March,2025,1,Sunday,13,5,True,False,False,2025-03,Q1,03,Dia da Mulher
2025-03-31,20250331,31,3,March,2025,1,Monday,14,5,False,False,True,2025-03,Q1,03,Dia da Mulher
2025-04-01,20250401,1,4,April,2025,2,Tuesday,14,1,False,True,False,2025-04,Q2,04,Regular
2025-04-02,20250402,2,4,April,2025,2,Wednesday,14,1,False,False,False,2025-04,Q2,04,Regular
2025-04-03,20250403,3,4,April,2025,2,Thursday,14,1,False,False,False,2025-04,Q2,04,Regular
2025-04-04,20250404,4,4,April,2025,2,Friday,14,1,False,False,False,2025-04,Q2,04,Regular
2025-04-05,20250405,5,4,April,2025,2,Saturday,14,1,True,False,False,2025-04,Q2,04,Regular
2025-04-06,20250406,6,4,April,2025,2,Sunday,14,1,True,False,False,2025-04,Q2,04,Regular
2025-04-07,20250407,7,4,April,2025,2,Monday,15,1,False,False,False,2025-04,Q2,04,Regular
2025-04-08,20250408,8,4,April,2025,2,Tuesday,15,2,False,False,False,2025-04,Q2,04,Regular
2025-04-09,20250409,9,4,April,2025,2,Wednesday,15,2,False,False,False,2025-04,Q2,04,Regular
2025-04-10,20250410,10,4,April,2025,2,Thursday,15,2,False,False,False,2025-04,Q2,04,Regular
2025-04-11,20250411,11,4,April,2025,2,Friday,15,2,False,False,False,2025-04,Q2,04,Regular
2025-04-12,20250412,12,4,April,2025,2,Saturday,15,2,True,False,False,2025-04,Q2,04,Regular
2025-04-13,20250413,13,4,April,2025,2,Sunday,15,2,True,False,False,2025-04,Q2,04,Regular
2025-04-14,20250414,14,4,April,2025,2,Monday,16,2,False,False,False,2025-04,Q2,04,Regular
2025-04-15,20250415,15,4,April,2025,2,Tuesday,16,3,False,False,False,2025-04,Q2,04,Regular
2025-04-16,20250416,16,4,April,2025,2,Wednesday,16,3,False,False,False,2025-04,Q2,04,Regular
2025-04-17,20250417,17,4,April,2025,2,Thursday,16,3,False,False,False,2025-04,Q2,04,Regular
2025-04-18,20250418,18,4,April,2025,2,Friday,16,3,False,False,False,2025-04,Q2,04,Regular
2025-04-19,20250419,19,4,April,2025,2,Saturday,16,3,True,False,False,2025-04,Q2,04,Regular
2025-04-20,20250420,20,4,April,2025,2,Sunday,16,3,True,False,False,2025-04,Q2,04,Regular
2025-04-21,20250421,21,4,April,2025,2,Monday,17,3,False,False,False,2025-04,Q2,04,Regular
2025-04-22,20250422,22,4,April,2025,2,Tuesday,17,4,False,False,False,2025-04,Q2,04,Regular
2025-04-23,20250423,23,4,April,2025,2,Wednesday,17,4,False,False,False,2025-04,Q2,04,Regular
2025-04-24,20250424,24,4,April,2025,2,Thursday,17,4,False,False,False,2025-04,Q2,04,Regular
2025-04-25,20250425,25,4,April,2025,2,Friday,17,4,False,False,False,2025-04,Q2,04,Regular
2025-04-26,20250426,26,4,April,2025,2,Saturday,17,4,True,False,False,2025-04,Q2,04,Regular
2025-04-27,20250427,27,4,April,2025,2,Sunday,17,4,True,False,False,2025-04,Q2,04,Regular
2025-04-28,20250428,28,4,April,2025,2,Monday,18,4,False,False,False,2025-04,Q2,04,Regular
2025-04-29,20250429,29,4,April,2025,2,Tuesday,18,5,False,False,False,2025-04,Q2,04,Regular
2025-04-30,20250430,30,4,April,2025,2,Wednesday,18,5,False,False,True,2025-04,Q2,04,Regular
2025-05-01,20250501,1,5,May,2025,2,Thursday,18,1,False,True,False,2025-05,Q2,05,Dia das Mães
2025-05-02,20250502,2,5,May,2025,2,Friday,18,1,False,False,False,2025-05,Q2,05,Dia das Mães
2025-05-03,20250503,3,5,May,2025,2,Saturday,18,1,True,False,False,2025-05,Q2,05,Dia das Mães
2025-05-04,20250504,4,5,May,2025,2,Sunday,18,1,True,False,False,2025-05,Q2,05,Dia das Mães
2025-05-05,20250505,5,5,May,2025,2,Monday,19,1,False,False,False,2025-05,Q2,05,Dia das Mães
2025-05-06,20250506,6,5,May,2025,2,Tuesday,19,1,False,False,False,2025-05,Q2,05,Dia das Mães
2025-05-07,20250507,7,5,May,2025,2,Wednesday,19,1,False,False,False,2025-05,Q2,05,Dia das Mães
2025-05-08,20250508,8,5,May,2025,2,Thursday,19,2,False,False,False,2025-05,Q2,05,Dia das Mães
2025-05-09,20250509,9,5,May,2025,2,Friday,19,2,False,False,False,2025-05,Q2,05,Dia das Mães
2025-05-10,20250510,10,5,May,2025,2,Saturday,19,2,True,False,False,2025-05,Q2,05,Dia das Mães
2025-05-11,20250511,11,5,May,2025,2,Sunday,19,2,True,False,False,2025-05,Q2,05,Dia das Mães
2025-05-12,20250512,12,5,May,2025,2,Monday,20,2,False,False,False,2025-05,Q2,05,Dia das Mães
2025-05-13,20250513,13,5,May,2025,2,Tuesday,20,2,False,False,False,2025-05,Q2,05,Dia das Mães
2025-05-14,20250514,14,5,May,2025,2,Wednesday,20,2,False,False,False,2025-05,Q2,05,Dia das Mães
2025-05-15,20250515,15,5,May,2025,2,Thursday,20,3,False,False,False,2025-05,Q2,05,Dia das Mães
2025-05-16,20250516,16,5,May,2025,2,Friday,20,3,False,False,False,2025-05,Q2,05,Dia das Mães
2025-05-17,20250517,17,5,May,2025,2,Saturday,20,3,True,False,False,2025-05,Q2,05,Dia das Mães
2025-05-18,20250518,18,5,May,2025,2,Sunday,20,3,True,False,False,2025-05,Q2,05,Dia das Mães
2025-05-19,20250519,19,5,May,2025,2,Monday,21,3,False,False,False,2025-05,Q2,05,Dia das Mães
2025-05-20,20250520,20,5,May,2025,2,Tuesday,21,3,False,False,False,2025-05,Q2,05,Dia das Mães
2025-05-21,20250521,21,5,May,2025,2,Wednesday,21,3,False,False,False,2025-05,Q2,05,Dia das Mães
2025-05-22,20250522,22,5,May,2025,2,Thursday,21,4,False,False,False,2025-05,Q2,05,Dia das Mães
2025-05-23,20250523,23,5,May,2025,2,Friday,21,4,False,False,False,2025-05,Q2,05,Dia das Mães
2025-05-24,20250524,24,5,May,2025,2,Saturday,21,4,True,False,False,2025-05,Q2,05,Dia das Mães
2025-05-25,20250525,25,5,May,2025,2,Sunday,21,4,True,False,False,2025-05,Q2,05,Dia das Mães
2025-05-26,20250526,26,5,May,2025,2,Monday,22,4,False,False,False,2025-05,Q2,05,Dia das Mães
2025-05-27,20250527,27,5,May,2025,2,Tuesday,22,4,False,False,False,2025-05,Q2,05,Dia das Mães
2025-05-28,20250528,28,5,May,2025,2,Wednesday,22,4,False,False,False,2025-05,Q2,05,Dia das Mães
2025-05-29,20250529,29,5,May,2025,2,Thursday,22,5,False,False,False,2025-05,Q2,05,Dia das Mães
2025-05-30,20250530,30,5,May,2025,2,Friday,22,5,False,False,False,2025-05,Q2,05,Dia das Mães
2025-05-31,20250531,31,5,May,2025,2,Saturday,22,5,True,False,True,2025-05,Q2,05,Dia das Mães
2025-06-01,20250601,1,6,June,2025,2,Sunday,22,1,True,True,False,2025-06,Q2,06,Dia dos Namorados
2025-06-02,20250602,2,6,June,2025,2,Monday,23,1,False,False,False,2025-06,Q2,06,Dia dos Namorados
2025-06-03,20250603,3,6,June,2025,2,Tuesday,23,1,False,False,False,2025-06,Q2,06,Dia dos Namorados
2025-06-04,20250604,4,6,June,2025,2,Wednesday,23,1,False,False,False,2025-06,Q2,06,Dia dos Namorados
2025-06-05,20250605,5,6,June,2025,2,Thursday,23,1,False,False,False,2025-06,Q2,06,Dia dos Namorados
2025-06-06,20250606,6,6,June,2025,2,Friday,23,1,False,False,False,2025-06,Q2,06,Dia dos Namorados
2025-06-07,20250607,7,6,June,2025,2,Saturday,23,1,True,False,False,2025-06,Q2,06,Dia dos Namorados
2025-06-08,20250608,8,6,June,2025,2,Sunday,23,2,True,False,False,2025-06,Q2,06,Dia dos Namorados
2025-06-09,20250609,9,6,June,2025,2,Monday,24,2,False,False,False,2025-06,Q2,06,Dia dos Namorados
2025-06-10,20250610,10,6,June,2025,2,Tuesday,24,2,False,False,False,2025-06,Q2,06,Dia dos Namorados
2025-06-11,20250611,11,6,June,2025,2,Wednesday,24,2,False,False,False,2025-06,Q2,06,Dia dos Namorados
2025-06-12,20250612,12,6,June,2025,2,Thursday,24,2,False,False,False,2025-06,Q2,06,Dia dos Namorados
2025-06-13,20250613,13,6,June,2025,2,Friday,24,2,False,False,False,2025-06,Q2,06,Dia dos Namorados
2025-06-14,20250614,14,6,June,2025,2,Saturday,24,2,True,False,False,2025-06,Q2,06,Dia dos Namorados
2025-06-15,20250615,15,6,June,2025,2,Sunday,24,3,True,False,False,2025-06,Q2,06,Dia dos Namorados
2025-06-16,20250616,16,6,June,2025,2,Monday,25,3,False,False,False,2025-06,Q2,06,Dia dos Namorados
2025-06-17,20250617,17,6,June,2025,2,Tuesday,25,3,False,False,False,2025-06,Q2,06,Dia dos Namorados
2025-06-18,20250618,18,6,June,2025,2,Wednesday,25,3,False,False,False,2025-06,Q2,06,Dia dos Namorados
2025-06-19,20250619,19,6,June,2025,2,Thursday,25,3,False,False,False,2025-06,Q2,06,Dia dos Namorados
2025-06-20,20250620,20,6,June,2025,2,Friday,25,3,False,False,False,2025-06,Q2,06,Dia dos Namorados
2025-06-21,20250621,21,6,June,2025,2,Saturday,25,3,True,False,False,2025-06,Q2,06,Dia dos Namorados
2025-06-22,20250622,22,6,June,2025,2,Sunday,25,4,True,False,False,2025-06,Q2,06,Dia dos Namorados
2025-06-23,20250623,23,6,June,2025,2,Monday,26,4,False,False,False,2025-06,Q2,06,Dia dos Namorados
2025-06-24,20250624,24,6,June,2025,2,Tuesday,26,4,False,False,False,2025-06,Q2,06,Dia dos Namorados
2025-06-25,20250625,25,6,June,2025,2,Wednesday,26,4,False,False,False,2025-06,Q2,06,Dia dos Namorados
2025-06-26,20250626,26,6,June,2025,2,Thursday,26,4,False,False,False,2025-06,Q2,06,Dia dos Namorados
2025-06-27,20250627,27,6,June,2025,2,Friday,26,4,False,False,False,2025-06,Q2,06,Dia dos Namorados
2025-06-28,20250628,28,6,June,2025,2,Saturday,26,4,True,False,False,2025-06,Q2,06,Dia dos Namorados
2025-06-29,20250629,29,6,June,2025,2,Sunday,26,5,True,False,False,2025-06,Q2,06,Dia dos Namorados
2025-06-30,20250630,30,6,June,2025,2,Monday,27,5,False,False,True,2025-06,Q2,06,Dia dos Namorados
2025-07-01,20250701,1,7,July,2025,3,Tuesday,27,1,False,True,False,2025-07,Q3,07,Regular
2025-07-02,20250702,2,7,July,2025,3,Wednesday,27,1,False,False,False,2025-07,Q3,07,Regular
2025-07-03,20250703,3,7,July,2025,3,Thursday,27,1,False,False,False,2025-07,Q3,07,Regular
2025-07-04,20250704,4,7,July,2025,3,Friday,27,1,False,False,False,2025-07,Q3,07,Regular
2025-07-05,20250705,5,7,July,2025,3,Saturday,27,1,True,False,False,2025-07,Q3,07,Regular
2025-07-06,20250706,6,7,July,2025,3,Sunday,27,1,True,False,False,2025-07,Q3,07,Regular
2025-07-07,20250707,7,7,July,2025,3,Monday,28,1,False,False,False,2025-07,Q3,07,Regular
2025-07-08,20250708,8,7,July,2025,3,Tuesday,28,2,False,False,False,2025-07,Q3,07,Regular
2025-07-09,20250709,9,7,July,2025,3,Wednesday,28,2,False,False,False,2025-07,Q3,07,Regular
2025-07-10,20250710,10,7,July,2025,3,Thursday,28,2,False,False,False,2025-07,Q3,07,Regular
2025-07-11,20250711,11,7,July,2025,3,Friday,28,2,False,False,False,2025-07,Q3,07,Regular
2025-07-12,20250712,12,7,July,2025,3,Saturday,28,2,True,False,False,2025-07,Q3,07,Regular
2025-07-13,20250713,13,7,July,2025,3,Sunday,28,2,True,False,False,2025-07,Q3,07,Regular
2025-07-14,20250714,14,7,July,2025,3,Monday,29,2,False,False,False,2025-07,Q3,07,Regular
2025-07-15,20250715,15,7,July,2025,3,Tuesday,29,3,False,False,False,2025-07,Q3,07,Regular
2025-07-16,20250716,16,7,July,2025,3,Wednesday,29,3,False,False,False,2025-07,Q3,07,Regular
2025-07-17,20250717,17,7,July,2025,3,Thursday,29,3,False,False,False,2025-07,Q3,07,Regular
2025-07-18,20250718,18,7,July,2025,3,Friday,29,3,False,False,False,2025-07,Q3,07,Regular
2025-07-19,20250719,19,7,July,2025,3,Saturday,29,3,True,False,False,2025-07,Q3,07,Regular
2025-07-20,20250720,20,7,July,2025,3,Sunday,29,3,True,False,False,2025-07,Q3,07,Regular
2025-07-21,20250721,21,7,July,2025,3,Monday,30,3,False,False,False,2025-07,Q3,07,Regular
2025-07-22,20250722,22,7,July,2025,3,Tuesday,30,4,False,False,False,2025-07,Q3,07,Regular
2025-07-23,20250723,23,7,July,2025,3,Wednesday,30,4,False,False,False,2025-07,Q3,07,Regular
2025-07-24,20250724,24,7,July,2025,3,Thursday,30,4,False,False,False,2025-07,Q3,07,Regular
2025-07-25,20250725,25,7,July,2025,3,Friday,30,4,False,False,False,2025-07,Q3,07,Regular
2025-07-26,20250726,26,7,July,2025,3,Saturday,30,4,True,False,False,2025-07,Q3,07,Regular
2025-07-27,20250727,27,7,July,2025,3,Sunday,30,4,True,False,False,2025-07,Q3,07,Regular
2025-07-28,20250728,28,7,July,2025,3,Monday,31,4,False,False,False,2025-07,Q3,07,Regular
2025-07-29,20250729,29,7,July,2025,3,Tuesday,31,5,False,False,False,2025-07,Q3,07,Regular
2025-07-30,20250730,30,7,July,2025,3,Wednesday,31,5,False,False,False,2025-07,Q3,07,Regular
2025-07-31,20250731,31,7,July,2025,3,Thursday,31,5,False,False,True,2025-07,Q3,07,Regular
2025-08-01,20250801,1,8,August,2025,3,Friday,31,1,False,True,False,2025-08,Q3,08,Regular
2025-08-02,20250802,2,8,August,2025,3,Saturday,31,1,True,False,False,2025-08,Q3,08,Regular
2025-08-03,20250803,3,8,August,2025,3,Sunday,31,1,True,False,False,2025-08,Q3,08,Regular
2025-08-04,20250804,4,8,August,2025,3,Monday,32,1,False,False,False,2025-08,Q3,08,Regular
2025-08-05,20250805,5,8,August,2025,3,Tuesday,32,1,False,False,False,2025-08,Q3,08,Regular
2025-08-06,20250806,6,8,August,2025,3,Wednesday,32,1,False,False,False,2025-08,Q3,08,Regular
2025-08-07,20250807,7,8,August,2025,3,Thursday,32,1,False,False,False,2025-08,Q3,08,Regular
2025-08-08,20250808,8,8,August,2025,3,Friday,32,2,False,False,False,2025-08,Q3,08,Regular
2025-08-09,20250809,9,8,August,2025,3,Saturday,32,2,True,False,False,2025-08,Q3,08,Regular
2025-08-10,20250810,10,8,August,2025,3,Sunday,32,2,True,False,False,2025-08,Q3,08,Regular
2025-08-11,20250811,11,8,August,2025,3,Monday,33,2,False,False,False,2025-08,Q3,08,Regular
2025-08-12,20250812,12,8,August,2025,3,Tuesday,33,2,False,False,False,2025-08,Q3,08,Regular
2025-08-13,20250813,13,8,August,2025,3,Wednesday,33,2,False,False,False,2025-08,Q3,08,Regular
2025-08-14,20250814,14,8,August,2025,3,Thursday,33,2,False,False,False,2025-08,Q3,08,Regular
2025-08-15,20250815,15,8,August,2025,3,Friday,33,3,False,False,False,2025-08,Q3,08,Regular
2025-08-16,20250816,16,8,August,2025,3,Saturday,33,3,True,False,False,2025-08,Q3,08,Regular
2025-08-17,20250817,17,8,August,2025,3,Sunday,33,3,True,False,False,2025-08,Q3,08,Regular
2025-08-18,20250818,18,8,August,2025,3,Monday,34,3,False,False,False,2025-08,Q3,08,Regular
2025-08-19,20250819,19,8,August,2025,3,Tuesday,34,3,False,False,False,2025-08,Q3,08,Regular
2025-08-20,20250820,20,8,August,2025,3,Wednesday,34,3,False,False,False,2025-08,Q3,08,Regular
2025-08-21,20250821,21,8,August,2025,3,Thursday,34,3,False,False,False,2025-08,Q3,08,Regular
2025-08-22,20250822,22,8,August,2025,3,Friday,34,4,False,False,False,2025-08,Q3,08,Regular
2025-08-23,20250823,23,8,August,2025,3,Saturday,34,4,True,False,False,2025-08,Q3,08,Regular
2025-08-24,20250824,24,8,August,2025,3,Sunday,34,4,True,False,False,2025-08,Q3,08,Regular
2025-08-25,20250825,25,8,August,2025,3,Monday,35,4,False,False,False,2025-08,Q3,08,Regular
2025-08-26,20250826,26,8,August,2025,3,Tuesday,35,4,False,False,False,2025-08,Q3,08,Regular
2025-08-27,20250827,27,8,August,2025,3,Wednesday,35,4,False,False,False,2025-08,Q3,08,Regular
2025-08-28,20250828,28,8,August,2025,3,Thursday,35,4,False,False,False,2025-08,Q3,08,Regular
2025-08-29,20250829,29,8,August,2025,3,Friday,35,5,False,False,False,2025-08,Q3,08,Regular
2025-08-30,20250830,30,8,August,2025,3,Saturday,35,5,True,False,False,2025-08,Q3,08,Regular
2025-08-31,20250831,31,8,August,2025,3,Sunday,35,5,True,False,True,2025-08,Q3,08,Regular
2025-09-01,20250901,1,9,September,2025,3,Monday,36,1,False,True,False,2025-09,Q3,09,Regular
2025-09-02,20250902,2,9,September,2025,3,Tuesday,36,1,False,False,False,2025-09,Q3,09,Regular
2025-09-03,20250903,3,9,September,2025,3,Wednesday,36,1,False,False,False,2025-09,Q3,09,Regular
2025-09-04,20250904,4,9,September,2025,3,Thursday,36,1,False,False,False,2025-09,Q3,09,Regular
2025-09-05,20250905,5,9,September,2025,3,Friday,36,1,False,False,False,2025-09,Q3,09,Regular
2025-09-06,20250906,6,9,September,2025,3,Saturday,36,1,True,False,False,2025-09,Q3,09,Regular
2025-09-07,20250907,7,9,September,2025,3,Sunday,36,1,True,False,False,2025-09,Q3,09,Regular
2025-09-08,20250908,8,9,September,2025,3,Monday,37,2,False,False,False,2025-09,Q3,09,Regular
2025-09-09,20250909,9,9,September,2025,3,Tuesday,37,2,False,False,False,2025-09,Q3,09,Regular
2025-09-10,20250910,10,9,September,2025,3,Wednesday,37,2,False,False,False,2025-09,Q3,09,Regular
2025-09-11,20250911,11,9,September,2025,3,Thursday,37,2,False,False,False,2025-09,Q3,09,Regular
2025-09-12,20250912,12,9,September,2025,3,Friday,37,2,False,False,False,2025-09,Q3,09,Regular
2025-09-13,20250913,13,9,September,2025,3,Saturday,37,2,True,False,False,2025-09,Q3,09,Regular
2025-09-14,20250914,14,9,September,2025,3,Sunday,37,2,True,False,False,2025-09,Q3,09,Regular
2025-09-15,20250915,15,9,September,2025,3,Monday,38,3,False,False,False,2025-09,Q3,09,Regular
2025-09-16,20250916,16,9,September,2025,3,Tuesday,38,3,False,False,False,2025-09,Q3,09,Regular
2025-09-17,20250917,17,9,September,2025,3,Wednesday,38,3,False,False,False,2025-09,Q3,09,Regular
2025-09-18,20250918,18,9,September,2025,3,Thursday,38,3,False,False,False,2025-09,Q3,09,Regular
2025-09-19,20250919,19,9,September,2025,3,Friday,38,3,False,False,False,2025-09,Q3,09,Regular
2025-09-20,20250920,20,9,September,2025,3,Saturday,38,3,True,False,False,2025-09,Q3,09,Regular
2025-09-21,20250921,21,9,September,2025,3,Sunday,38,3,True,False,False,2025-09,Q3,09,Regular
2025-09-22,20250922,22,9,September,2025,3,Monday,39,4,False,False,False,2025-09,Q3,09,Regular
2025-09-23,20250923,23,9,September,2025,3,Tuesday,39,4,False,False,False,2025-09,Q3,09,Regular
2025-09-24,20250924,24,9,September,2025,3,Wednesday,39,4,False,False,False,2025-09,Q3,09,Regular
2025-09-25,20250925,25,9,September,2025,3,Thursday,39,4,False,False,False,2025-09,Q3,09,Regular
2025-09-26,20250926,26,9,September,2025,3,Friday,39,4,False,False,False,2025-09,Q3,09,Regular
2025-09-27,20250927,27,9,September,2025,3,Saturday,39,4,True,False,False,2025-09,Q3,09,Regular
2025-09-28,20250928,28,9,September,2025,3,Sunday,39,4,True,False,False,2025-09,Q3,09,Regular
2025-09-29,20250929,29,9,September,2025,3,Monday,40,5,False,False,False,2025-09,Q3,09,Regular
2025-09-30,20250930,30,9,September,2025,3,Tuesday,40,5,False,False,True,2025-09,Q3,09,Regular
2025-10-01,20251001,1,10,October,2025,4,Wednesday,40,1,False,True,False,2025-10,Q4,10,Regular
2025-10-02,20251002,2,10,October,2025,4,Thursday,40,1,False,False,False,2025-10,Q4,10,Regular
2025-10-03,20251003,3,10,October,2025,4,Friday,40,1,False,False,False,2025-10,Q4,10,Regular
2025-10-04,20251004,4,10,October,2025,4,Saturday,40,1,True,False,False,2025-10,Q4,10,Regular
2025-10-05,20251005,5,10,October,2025,4,Sunday,40,1,True,False,False,2025-10,Q4,10,Regular
2025-10-06,20251006,6,10,October,2025,4,Monday,41,1,False,False,False,2025-10,Q4,10,Regular
2025-10-07,20251007,7,10,October,2025,4,Tuesday,41,1,False,False,False,2025-10,Q4,10,Regular
2025-10-08,20251008,8,10,October,2025,4,Wednesday,41,2,False,False,False,2025-10,Q4,10,Regular
2025-10-09,20251009,9,10,October,2025,4,Thursday,41,2,False,False,False,2025-10,Q4,10,Regular
2025-10-10,20251010,10,10,October,2025,4,Friday,41,2,False,False,False,2025-10,Q4,10,Regular
2025-10-11,20251011,11,10,October,2025,4,Saturday,41,2,True,False,False,2025-10,Q4,10,Regular
2025-10-12,20251012,12,10,October,2025,4,Sunday,41,2,True,False,False,2025-10,Q4,10,Regular
2025-10-13,20251013,13,10,October,2025,4,Monday,42,2,False,False,False,2025-10,Q4,10,Regular
2025-10-14,20251014,14,10,October,2025,4,Tuesday,42,2,False,False,False,2025-10,Q4,10,Regular
2025-10-15,20251015,15,10,October,2025,4,Wednesday,42,3,False,False,False,2025-10,Q4,10,Regular
2025-10-16,20251016,16,10,October,2025,4,Thursday,42,3,False,False,False,2025-10,Q4,10,Regular
2025-10-17,20251017,17,10,October,2025,4,Friday,42,3,False,False,False,2025-10,Q4,10,Regular
2025-10-18,20251018,18,10,October,2025,4,Saturday,42,3,True,False,False,2025-10,Q4,10,Regular
2025-10-19,20251019,19,10,October,2025,4,Sunday,42,3,True,False,False,2025-10,Q4,10,Regular
2025-10-20,20251020,20,10,October,2025,4,Monday,43,3,False,False,False,2025-10,Q4,10,Regular
2025-10-21,20251021,21,10,October,2025,4,Tuesday,43,3,False,False,False,2025-10,Q4,10,Regular
2025-10-22,20251022,22,10,October,2025,4,Wednesday,43,4,False,False,False,2025-10,Q4,10,Regular
2025-10-23,20251023,23,10,October,2025,4,Thursday,43,4,False,False,False,2025-10,Q4,10,Regular
2025-10-24,20251024,24,10,October,2025,4,Friday,43,4,False,False,False,2025-10,Q4,10,Regular
2025-10-25,20251025,25,10,October,2025,4,Saturday,43,4,True,False,False,2025-10,Q4,10,Regular
2025-10-26,20251026,26,10,October,2025,4,Sunday,43,4,True,False,False,2025-10,Q4,10,Regular
2025-10-27,20251027,27,10,October,2025,4,Monday,44,4,False,False,False,2025-10,Q4,10,Regular
2025-10-28,20251028,28,10,October,2025,4,Tuesday,44,4,False,False,False,2025-10,Q4,10,Regular
2025-10-29,20251029,29,10,October,2025,4,Wednesday,44,5,False,False,False,2025-10,Q4,10,Regular
2025-10-30,20251030,30,10,October,2025,4,Thursday,44,5,False,False,False,2025-10,Q4,10,Regular
2025-10-31,20251031,31,10,October,2025,4,Friday,44,5,False,False,True,2025-10,Q4,10,Regular
2025-11-01,20251101,1,11,November,2025,4,Saturday,44,1,True,True,False,2025-11,Q4,11,Black Friday
2025-11-02,20251102,2,11,November,2025,4,Sunday,44,1,True,False,False,2025-11,Q4,11,Black Friday
2025-11-03,20251103,3,11,November,2025,4,Monday,45,1,False,False,False,2025-11,Q4,11,Black Friday
2025-11-04,20251104,4,11,November,2025,4,Tuesday,45,1,False,False,False,2025-11,Q4,11,Black Friday
2025-11-05,20251105,5,11,November,2025,4,Wednesday,45,1,False,False,False,2025-11,Q4,11,Black Friday
2025-11-06,20251106,6,11,November,2025,4,Thursday,45,1,False,False,False,2025-11,Q4,11,Black Friday
2025-11-07,20251107,7,11,November,2025,4,Friday,45,1,False,False,False,2025-11,Q4,11,Black Friday
2025-11-08,20251108,8,11,November,2025,4,Saturday,45,2,True,False,False,2025-11,Q4,11,Black Friday
2025-11-09,20251109,9,11,November,2025,4,Sunday,45,2,True,False,False,2025-11,Q4,11,Black Friday
2025-11-10,20251110,10,11,November,2025,4,Monday,46,2,False,False,False,2025-11,Q4,11,Black Friday
2025-11-11,20251111,11,11,November,2025,4,Tuesday,46,2,False,False,False,2025-11,Q4,11,Black Friday
2025-11-12,20251112,12,11,November,2025,4,Wednesday,46,2,False,False,False,2025-11,Q4,11,Black Friday
2025-11-13,20251113,13,11,November,2025,4,Thursday,46,2,False,False,False,2025-11,Q4,11,Black Friday
2025-11-14,20251114,14,11,November,2025,4,Friday,46,2,False,False,False,2025-11,Q4,11,Black Friday
2025-11-15,20251115,15,11,November,2025,4,Saturday,46,3,True,False,False,2025-11,Q4,11,Black Friday
2025-11-16,20251116,16,11,November,2025,4,Sunday,46,3,True,False,False,2025-11,Q4,11,Black Friday
2025-11-17,20251117,17,11,November,2025,4,Monday,47,3,False,False,False,2025-11,Q4,11,Black Friday
2025-11-18,20251118,18,11,November,2025,4,Tuesday,47,3,False,False,False,2025-11,Q4,11,Black Friday
2025-11-19,20251119,19,11,November,2025,4,Wednesday,47,3,False,False,False,2025-11,Q4,11,Black Friday
2025-11-20,20251120,20,11,November,2025,4,Thursday,47,3,False,False,False,2025-11,Q4,11,Black Friday
2025-11-21,20251121,21,11,November,2025,4,Friday,47,3,False,False,False,2025-11,Q4,11,Black Friday
2025-11-22,20251122,22,11,November,2025,4,Saturday,47,4,True,False,False,2025-11,Q4,11,Black Friday
2025-11-23,20251123,23,11,November,2025,4,Sunday,47,4,True,False,False,2025-11,Q4,11,Black Friday
2025-11-24,20251124,24,11,November,2025,4,Monday,48,4,False,False,False,2025-11,Q4,11,Black Friday
2025-11-25,20251125,25,11,November,2025,4,Tuesday,48,4,False,False,False,2025-11,Q4,11,Black Friday
2025-11-26,20251126,26,11,November,2025,4,Wednesday,48,4,False,False,False,2025-11,Q4,11,Black Friday
2025-11-27,20251127,27,11,November,2025,4,Thursday,48,4,False,False,False,2025-11,Q4,11,Black Friday
2025-11-28,20251128,28,11,November,2025,4,Friday,48,4,False,False,False,2025-11,Q4,11,Black Friday
2025-11-29,20251129,29,11,November,2025,4,Saturday,48,5,True,False,False,2025-11,Q4,11,Black Friday
2025-11-30,20251130,30,11,November,2025,4,Sunday,48,5,True,False,True,2025-11,Q4,11,Black Friday
2025-12-01,20251201,1,12,December,2025,4,Monday,49,1,False,True,False,2025-12,Q4,12,Natal
2025-12-02,20251202,2,12,December,2025,4,Tuesday,49,1,False,False,False,2025-12,Q4,12,Natal
2025-12-03,20251203,3,12,December,2025,4,Wednesday,49,1,False,False,False,2025-12,Q4,12,Natal
2025-12-04,20251204,4,12,December,2025,4,Thursday,49,1,False,False,False,2025-12,Q4,12,Natal
2025-12-05,20251205,5,12,December,2025,4,Friday,49,1,False,False,False,2025-12,Q4,12,Natal
2025-12-06,20251206,6,12,December,2025,4,Saturday,49,1,True,False,False,2025-12,Q4,12,Natal
2025-12-07,20251207,7,12,December,2025,4,Sunday,49,1,True,False,False,2025-12,Q4,12,Natal
2025-12-08,20251208,8,12,December,2025,4,Monday,50,2,False,False,False,2025-12,Q4,12,Natal
2025-12-09,20251209,9,12,December,2025,4,Tuesday,50,2,False,False,False,2025-12,Q4,12,Natal
2025-12-10,20251210,10,12,December,2025,4,Wednesday,50,2,False,False,False,2025-12,Q4,12,Natal
2025-12-11,20251211,11,12,December,2025,4,Thursday,50,2,False,False,False,2025-12,Q4,12,Natal
2025-12-12,20251212,12,12,December,2025,4,Friday,50,2,False,False,False,2025-12,Q4,12,Natal
2025-12-13,20251213,13,12,December,2025,4,Saturday,50,2,True,False,False,2025-12,Q4,12,Natal
2025-12-14,20251214,14,12,December,2025,4,Sunday,50,2,True,False,False,2025-12,Q4,12,Natal
2025-12-15,20251215,15,12,December,2025,4,Monday,51,3,False,False,False,2025-12,Q4,12,Natal
2025-12-16,20251216,16,12,December,2025,4,Tuesday,51,3,False,False,False,2025-12,Q4,12,Natal
2025-12-17,20251217,17,12,December,2025,4,Wednesday,51,3,False,False,False,2025-12,Q4,12,Natal
2025-12-18,20251218,18,12,December,2025,4,Thursday,51,3,False,False,False,2025-12,Q4,12,Natal
2025-12-19,20251219,19,12,December,2025,4,Friday,51,3,False,False,False,2025-12,Q4,12,Natal
2025-12-20,20251220,20,12,December,2025,4,Saturday,51,3,True,False,False,2025-12,Q4,12,Natal
2025-12-21,20251221,21,12,December,2025,4,Sunday,51,3,True,False,False,2025-12,Q4,12,Natal
2025-12-22,20251222,22,12,December,2025,4,Monday,52,4,False,False,False,2025-12,Q4,12,Natal
2025-12-23,20251223,23,12,December,2025,4,Tuesday,52,4,False,False,False,2025-12,Q4,12,Natal
2025-12-24,20251224,24,12,December,2025,4,Wednesday,52,4,False,False,False,2025-12,Q4,12,Natal
2025-12-25,20251225,25,12,December,2025,4,Thursday,52,4,False,False,False,2025-12,Q4,12,Natal
2025-12-26,20251226,26,12,December,2025,4,Friday,52,4,False,False,False,2025-12,Q4,12,Natal
2025-12-27,20251227,27,12,December,2025,4,Saturday,52,4,True,False,False,2025-12,Q4,12,Natal
2025-12-28,20251228,28,12,December,2025,4,Sunday,52,4,True,False,False,2025-12,Q4,12,Natal
2025-12-29,20251229,29,12,December,2025,4,Monday,1,5,False,False,False,2025-12,Q4,12,Natal
2025-12-30,20251230,30,12,December,2025,4,Tuesday,1,5,False,False,False,2025-12,Q4,12,Natal
2025-12-31,20251231,31,12,December,2025,4,Wednesday,1,5,False,False,True,2025-12,Q4,12,Natal
